Nr,Gebiet,Waehler,Waehler Vorperiode,Ungueltige Erststimmen,"Ungueltige Erststimmen, Prozent",Ungueltige Erststimmen Vorperiode,"Ungueltige Erststimmen Vorperiode, Prozent",Ungueltige Zweitstimmen,"Ungueltige Zweitstimmen, Prozent",Ungueltige Zweitstimmen Vorperiode,"Ungueltige Zweitstimmen Vorperiode, Prozent",Gueltige Erststimmen,Gueltige Erststimmen Vorperiode,Gueltige Zweitstimmen,Gueltige Zweitstimmen Vorperiode,CDU Erststimmen,CDU Zweitstimmen,SPD Erststimmen,SPD Zweitstimmen,FDP Erststimmen,FDP Erststimmen Vorperiode,FDP Zweitstimmen,FDP Zweitstimmen Vorperiode,DIE LINKE Erststimmen,DIE LINKE Zweitstimmen,GRUENE Erststimmen,GRUENE Zweitstimmen,CSU Erststimmen,CSU Zweitstimmen,CDU/CSU Erststimmen,CDU/CSU Zweitstimmen
1,Flensburg - Schleswig,162749,163329,2223,0.014,4117,0.025,2113,0.013,4181,0.026,160526,159212,160636,159148,68235,61347,59718,52396,3039,15292,8065,24187,7436,9084,12491,15734,,,68235,61347
2,Nordfriesland - Dithmarschen Nord,131527,134671,1648,0.013,3382,0.025,1483,0.011,3218,0.024,129879,131289,130044,131453,64678,56383,41714,38590,3172,15184,8321,22605,4653,5733,8465,10547,,,64678,56383
3,Steinburg - Dithmarschen Sd,126409,128320,1523,0.012,3348,0.026,1451,0.011,3030,0.024,124886,124972,124958,125290,56669,52408,42476,37502,6324,16037,7689,21970,4909,6286,6386,9485,,,56669,52408
4,Rendsburg-Eckernfrde,149583,150018,1743,0.012,3404,0.023,1616,0.011,3026,0.020,147840,146614,147967,146992,66775,60349,54397,46658,2754,14317,8126,23442,4902,6447,10306,13707,,,66775,60349
5,Kiel,146452,145483,1674,0.011,3442,0.024,1483,0.010,2263,0.016,144778,142041,144969,143220,47925,43893,62271,50262,3069,12188,7708,19156,7622,10023,14435,20394,,,47925,43893
6,Pln - Neumnster,127093,127971,1681,0.013,3292,0.026,1520,0.012,3031,0.024,125412,124679,125573,124940,54833,48683,47085,41094,2322,12515,6722,19772,4708,5987,7979,11577,,,54833,48683
7,Pinneberg,179055,176188,1703,0.010,3384,0.019,1682,0.009,3193,0.018,177352,172804,177373,172995,80483,72006,64006,55371,3303,17018,9863,28640,6985,8910,11324,15291,,,80483,72006
8,Segeberg - Stormarn-Mitte,183250,180295,1735,0.009,3674,0.020,1660,0.009,3303,0.018,181515,176621,181590,176992,82471,74161,63998,54691,3722,20084,10449,31407,7003,9112,11141,15695,,,82471,74161
9,Ostholstein - Stormarn-Nord,131939,131917,1551,0.012,4043,0.031,1452,0.011,3094,0.023,130388,127874,130487,128823,59783,53705,48349,41134,2962,14397,8036,22701,4469,5663,7145,10490,,,59783,53705
10,Herzogtum Lauenburg - Stormarn-Sd,182982,181568,1708,0.009,3884,0.021,1560,0.009,3259,0.018,181274,177684,181422,178309,81954,73603,62749,53944,3901,19742,10878,30714,6834,8962,12774,16579,,,81954,73603
11,Lbeck,124711,124624,1563,0.013,3524,0.028,1440,0.012,3284,0.026,123148,121100,123271,121340,44896,42218,50119,42083,2958,13296,5857,17173,6662,7970,9475,13638,,,44896,42218
,,,,,,,,,,,,,,,,,,,,,,,,,,,,,,0,0
18,Hamburg-Mitte,168465,164566,2445,0.015,2660,0.016,2252,0.013,2033,0.012,166020,161906,166213,162533,46753,44947,64997,55721,2878,12700,6458,18915,15693,18124,19943,22645,,,46753,44947
19,Hamburg-Altona,135857,133657,1454,0.011,1552,0.012,1393,0.010,1358,0.010,134403,132105,134464,132299,43609,39581,46918,40009,2627,10655,7353,17246,13759,14525,18380,22167,,,43609,39581
20,Hamburg-Eimsbttel,143084,141650,1646,0.012,1881,0.013,1444,0.010,1290,0.009,141438,139769,141640,140360,47112,43989,53105,44492,3264,11712,7308,18823,9728,12137,18399,22074,,,47112,43989
21,Hamburg-Nord,163950,163012,1666,0.010,1821,0.011,1512,0.009,1357,0.008,162284,161191,162438,161655,64459,59244,56421,49039,3921,12766,10242,25269,7626,10615,19343,20357,,,64459,59244
22,Hamburg-Wandsbek,147153,150049,1960,0.013,2126,0.014,1795,0.012,1686,0.011,145193,147923,145358,148363,54002,50641,58029,50339,2783,11408,6556,20181,9594,11078,9320,12667,,,54002,50641
23,Hamburg-Bergedorf - Harburg,142704,143119,2089,0.015,2355,0.016,1988,0.014,1991,0.014,140615,140764,140716,141128,50044,47525,56867,49302,2234,10727,4952,16709,10595,11817,9088,12916,,,50044,47525
,,,,,,,,,,,,,,,,,,,,,,,,,,,,,,0,0
24,Aurich - Emden,134256,132885,2217,0.017,2439,0.018,1724,0.013,2121,0.016,132039,130446,132532,130764,42737,43026,66348,58080,2085,9314,4323,13619,6373,6588,12627,11028,,,42737,43026
25,Unterems,166959,164653,2096,0.013,2392,0.015,1645,0.010,2136,0.013,164863,162261,165314,162517,90236,80616,51409,51079,4288,15470,6537,20731,6426,6771,8441,9506,,,90236,80616
26,Friesland - Wilhelmshaven - Wittmund,134162,132735,2369,0.018,2630,0.020,1760,0.013,1939,0.015,131793,130105,132402,130796,52275,50796,58178,48011,3024,12283,5670,19204,6736,6814,7362,9731,,,52275,50796
27,Oldenburg - Ammerland,163543,158347,1748,0.011,1891,0.012,1402,0.009,1490,0.009,161795,156456,162141,156857,59525,57067,60547,52856,3966,13840,8210,22917,8794,10523,18552,20170,,,59525,57067
28,Delmenhorst - Wesermarsch - Oldenburg-Land,162698,161584,2059,0.013,1970,0.012,1911,0.012,1821,0.011,160639,159614,160787,159763,63832,62620,63256,54848,5263,16163,8035,23109,7273,8814,9784,13059,,,63832,62620
29,Cuxhaven - Stade II,137151,135824,1490,0.011,1902,0.014,1184,0.009,1575,0.012,135661,133922,135967,134249,63431,59699,49395,45534,1872,10426,4924,17146,4904,6241,8326,9592,,,63431,59699
30,Stade I - Rotenburg II,145131,142114,1161,0.008,1690,0.012,947,0.007,1424,0.010,143970,140424,144184,140690,68545,64472,49111,44598,2505,9946,6023,20056,4878,6021,9099,11209,,,68545,64472
31,Mittelems,170444,169078,1571,0.009,1775,0.010,1206,0.007,1550,0.009,168873,167303,169238,167528,99705,94923,48903,44069,2673,13278,7032,23749,4543,5107,8393,9160,,,99705,94923
32,Cloppenburg - Vechta,153769,148935,1416,0.009,1708,0.011,1205,0.008,1425,0.010,152353,147227,152564,147510,101015,96401,32422,30168,2812,12700,7073,23001,3821,4259,5702,6488,,,101015,96401
33,Diepholz - Nienburg I,142350,141838,1496,0.011,1646,0.012,1215,0.009,1315,0.009,140854,140192,141135,140523,66862,61404,47067,44431,2797,15928,6929,22067,4933,6359,10651,11556,,,66862,61404
34,Osterholz - Verden,144923,144883,1502,0.010,1642,0.011,1708,0.012,1337,0.009,143421,143241,143215,143546,63174,57243,53660,47413,1359,10787,5235,17889,7195,8008,9729,13708,,,63174,57243
35,Rotenburg I - Heidekreis,122823,121941,1317,0.011,1702,0.014,994,0.008,1326,0.011,121506,120239,121829,120615,54448,53163,49301,38018,2097,9895,4930,16930,4758,5572,6026,10332,,,54448,53163
36,Harburg,152819,148918,1416,0.009,1976,0.013,1219,0.008,1552,0.010,151403,146942,151600,147366,68458,64905,47908,42915,5110,15812,7382,24967,5472,6641,10754,14078,,,68458,64905
37,Lchow-Dannenberg - Lneburg,133574,131466,1375,0.010,1695,0.013,1158,0.009,1366,0.010,132199,129771,132416,130100,52644,48756,44491,38415,2112,11242,5281,16323,7784,9202,15918,18892,,,52644,48756
38,Osnabrck-Land,144853,144630,1390,0.010,1706,0.012,1120,0.008,1353,0.009,143463,142924,143733,143277,76179,68972,46365,42214,2546,12940,6599,21117,5162,5783,8330,11046,,,76179,68972
39,Stadt Osnabrck,142840,143711,1919,0.013,1584,0.011,1641,0.011,1370,0.010,140921,142127,141199,142341,64416,60754,49059,43099,3934,14823,5874,19941,5840,7188,12568,15390,,,64416,60754
40,Nienburg II - Schaumburg,141773,143398,1464,0.010,1706,0.012,1156,0.008,1376,0.010,140309,141692,140617,142022,58349,56279,62641,51043,1950,8712,4993,17698,4649,6006,8173,11370,,,58349,56279
41,Stadt Hannover I,129867,131369,1888,0.015,1556,0.012,1868,0.014,1381,0.011,127979,129813,127999,129988,46650,42910,55711,45441,1889,9699,6043,16680,6435,7993,9876,15718,,,46650,42910
42,Stadt Hannover II,141215,140587,1871,0.013,1655,0.012,1925,0.014,1392,0.010,139344,138932,139290,139195,47180,41684,59686,48292,2050,8657,5983,16098,8657,11129,14229,21559,,,47180,41684
43,Hannover-Land I,176671,175757,1658,0.009,2251,0.013,1530,0.009,1764,0.010,175013,173506,175141,173993,77509,72286,67440,57922,4504,14560,8725,24492,6220,7931,8735,14308,,,77509,72286
44,Celle - Uelzen,157058,157137,1562,0.010,1991,0.013,1361,0.009,1701,0.011,155496,155146,155697,155436,75369,68568,53237,46931,2091,11351,6478,22295,5655,7085,9563,12071,,,75369,68568
45,Gifhorn - Peine,161941,161017,1788,0.011,2012,0.012,1473,0.009,1822,0.011,160153,159005,160468,159195,67368,64451,69259,57875,2266,10073,5648,17875,6810,7575,7666,11855,,,67368,64451
46,Hameln-Pyrmont - Holzminden,137839,143185,2075,0.015,2203,0.015,1943,0.014,1948,0.014,135764,140982,135896,141237,53726,50937,57484,49411,2496,10401,5985,19736,6308,7201,8202,11428,,,53726,50937
47,Hannover-Land II,182963,183314,2067,0.011,2258,0.012,1672,0.009,2005,0.011,180896,181056,181291,181309,75761,69644,78433,65169,2567,12982,7228,22004,7350,8669,9422,16212,,,75761,69644
48,Hildesheim,164796,167520,2451,0.015,2201,0.013,1799,0.011,1802,0.011,162345,165319,162997,165718,68653,63041,66986,59319,2489,10231,5589,18752,7909,8120,13771,14587,,,68653,63041
49,Salzgitter - Wolfenbttel,152599,157578,2208,0.014,2468,0.016,2618,0.017,2167,0.014,150391,155110,149981,155411,55720,53593,70080,58881,1582,9436,5142,16479,6524,8461,6630,11013,,,55720,53593
50,Braunschweig,143752,139948,1649,0.011,1736,0.012,1467,0.010,1535,0.011,142103,138212,142285,138413,49710,48419,61952,47741,3243,7507,6214,15845,7119,9527,10117,17614,,,49710,48419
51,Helmstedt - Wolfsburg,133269,135261,1927,0.014,2196,0.016,1494,0.011,1790,0.013,131342,133065,131775,133471,58760,54188,50826,45837,1839,8480,4796,14114,5731,6440,6666,9004,,,58760,54188
52,Goslar - Northeim - Osterode,149429,156221,2599,0.017,2638,0.017,2165,0.014,2047,0.013,146830,153583,147264,154174,61723,55775,62209,55985,2249,12719,6099,21481,6805,7475,7833,10141,,,61723,55775
53,Gttingen,165814,166515,1974,0.012,2227,0.013,1511,0.009,1908,0.011,163840,164288,164303,164607,62558,59000,66192,54410,2633,10765,6667,22086,8581,10432,16740,20076,,,62558,59000
,,,,,,,,,,,,,,,,,,,,,,,,,,,,,,0,0
54,Bremen I,184512,188189,2128,0.012,2557,0.014,1816,0.010,2099,0.011,182384,185632,182696,186090,55198,55254,69161,60502,4171,13587,7168,21021,15186,18502,25342,25448,,,55198,55254
55,Bremen II - Bremerhaven,148510,154838,2083,0.014,2691,0.017,1794,0.012,2317,0.015,146427,152147,146716,152521,42067,41205,64276,56702,2189,10850,4036,14947,13335,14782,12325,14566,,,42067,41205
,,,,,,,,,,,,,,,,,,,,,,,,,,,,,,0,0
87,Aachen I,134447,130211,1476,0.011,1582,0.012,1213,0.009,1194,0.009,132971,128629,133234,129017,54175,48728,46907,36432,2883,11554,8401,19464,8225,10212,11931,17485,,,54175,48728
88,Aachen II,164576,160816,3027,0.018,2766,0.017,2308,0.014,2296,0.014,161549,158050,162268,158520,73621,66328,57635,52897,3827,13275,7948,23518,9418,10538,9096,10220,,,73621,66328
89,Heinsberg,134521,131761,2205,0.016,2409,0.018,1882,0.014,1923,0.015,132316,129352,132639,129838,70649,65417,37444,34895,2921,12342,6543,21315,5720,6915,7511,7336,,,70649,65417
90,Dren,145541,144058,2765,0.019,2447,0.017,2070,0.014,1979,0.014,142776,141611,143471,142079,71903,63532,48849,42549,2722,10745,7102,21383,7288,8120,6951,8729,,,71903,63532
91,Rhein-Erft-Kreis I,182970,180037,6195,0.034,2597,0.014,4235,0.023,2259,0.013,176775,177440,178735,177778,83598,75521,63676,55089,5390,18620,10235,29495,7820,9266,9822,12264,,,83598,75521
92,Euskirchen - Rhein-Erft-Kreis II,178218,176069,3940,0.022,3421,0.019,2747,0.015,2576,0.015,174278,172648,175471,173493,88759,79055,53703,46982,6101,20620,11611,32011,8166,9075,10066,12544,,,88759,79055
93,Kln I,132837,127011,1445,0.011,1718,0.014,1235,0.009,1178,0.009,131392,125293,131602,125833,48232,43863,48632,40759,3243,10902,7235,18981,8583,10709,13513,16056,,,48232,43863
94,Kln II,184162,172562,1478,0.008,1350,0.008,1143,0.006,1006,0.006,182684,171212,183019,171556,73011,64909,59975,48190,4762,18455,14871,32663,9521,12689,26426,28642,,,73011,64909
95,Kln III,141714,134252,1765,0.012,1619,0.012,1368,0.010,1296,0.010,139949,132633,140346,132956,45999,42902,55021,44240,3158,11187,6339,17225,10883,12960,18046,20905,,,45999,42902
96,Bonn,175014,167574,2143,0.012,1898,0.011,1775,0.010,1655,0.010,172871,165676,173239,165919,64778,62844,65955,44909,10416,31606,14418,31483,7523,10988,14797,23686,,,64778,62844
97,Rhein-Sieg-Kreis I,172653,167034,2251,0.013,2203,0.013,1906,0.011,1856,0.011,170402,164831,170747,165178,84556,74187,50271,46065,4172,18727,10796,31488,7946,9496,10895,14000,,,84556,74187
98,Rhein-Sieg-Kreis II,164635,161746,2190,0.013,1994,0.012,1725,0.010,1715,0.011,162445,159752,162910,160031,85058,73860,44098,39571,5058,16012,13468,34858,5445,7433,11732,14122,,,85058,73860
99,Oberbergischer Kreis,150899,150609,1983,0.013,2389,0.016,1953,0.013,2173,0.014,148916,148220,148946,148436,77800,67437,44773,40185,3226,12990,8446,25007,6373,8055,7675,10347,,,77800,67437
100,Rheinisch-Bergischer Kreis,169131,166669,1527,0.009,1598,0.010,1411,0.008,1541,0.009,167604,165071,167720,165128,98017,73278,41894,43721,2937,14198,11676,31480,6884,8473,11472,15113,,,98017,73278
101,Leverkusen - Kln IV,150030,146460,2086,0.014,2044,0.014,1590,0.011,1605,0.011,147944,144416,148440,144855,58201,52884,61172,48511,3447,11332,7212,20670,8554,10615,10589,14283,,,58201,52884
102,Wuppertal I,145925,145089,2520,0.017,2101,0.014,1987,0.014,1915,0.013,143405,142988,143938,143174,52427,47470,58407,46638,4314,11852,8198,19458,10992,12499,10198,14318,,,52427,47470
103,Solingen - Remscheid - Wuppertal II,160929,162192,2357,0.015,2157,0.013,1908,0.012,1794,0.011,158572,160035,159021,160398,70269,62029,52931,48123,4170,13940,9650,26079,9222,10740,11334,12676,,,70269,62029
104,Mettmann I,154473,150715,1800,0.012,1709,0.011,1590,0.010,1613,0.011,152673,149006,152883,149102,75628,65696,52832,43173,2964,11674,9660,27081,5697,7808,7735,11699,,,75628,65696
105,Mettmann II,123036,122690,1657,0.013,1541,0.013,1382,0.011,1261,0.010,121379,121149,121654,121429,55307,50254,45091,37580,2920,11332,7421,20574,5166,6646,5987,8408,,,55307,50254
106,Dsseldorf I,165028,159600,1635,0.010,1586,0.010,1353,0.008,1214,0.008,163393,158014,163675,158386,78206,65978,47731,43269,5825,16472,14985,31626,8657,10505,13427,15445,,,78206,65978
107,Dsseldorf II,139390,134823,1983,0.014,1690,0.013,1348,0.010,1328,0.010,137407,133133,138042,133495,55990,51050,48065,41737,3980,10758,7979,20625,12538,10705,10315,13399,,,55990,51050
108,Neuss I,154444,149942,1878,0.012,1966,0.013,1635,0.011,1695,0.011,152566,147976,152809,148247,78712,69480,46619,42604,3507,12763,9418,25944,5983,7606,7226,9363,,,78712,69480
109,Mnchengladbach,127559,124190,1953,0.015,1774,0.014,1617,0.013,1444,0.012,125606,122416,125942,122746,63843,55030,36665,35447,2847,11573,7414,22148,7827,8080,7638,7792,,,63843,55030
110,Krefeld I - Neuss II,150999,149731,1858,0.012,1695,0.011,1579,0.010,1473,0.010,149141,148036,149420,148258,73201,66802,46148,40968,5447,18168,10901,28625,6165,7768,8693,10303,,,73201,66802
111,Viersen,167490,164366,1886,0.011,1990,0.012,1693,0.010,1658,0.010,165604,162376,165797,162708,87764,76747,47198,44103,3857,15755,10493,30071,7998,8897,8880,11106,,,87764,76747
112,Kleve,161873,158453,2383,0.015,2128,0.013,1713,0.011,1714,0.011,159490,156325,160160,156739,81216,77833,52778,43253,5003,14620,9094,25249,,7322,9220,9856,,,81216,77833
113,Wesel I,153981,151261,1736,0.011,1740,0.012,1512,0.010,1553,0.010,152245,149521,152469,149708,66172,59970,59709,53249,2781,10624,7224,19441,7527,9091,7489,9780,,,66172,59970
114,Krefeld II - Wesel II,131185,129601,1948,0.015,1681,0.013,1489,0.011,1412,0.011,129237,127920,129696,128189,51835,47806,53578,44856,3245,11098,7237,18168,6994,8546,6888,9485,,,51835,47806
115,Duisburg I,121815,119956,2161,0.018,1747,0.015,1500,0.012,1546,0.013,119654,118209,120315,118410,38477,36109,55779,47165,1955,6956,4044,11768,8802,9475,6107,8341,,,38477,36109
116,Duisburg II,105682,103924,2063,0.020,1799,0.017,1550,0.015,1555,0.015,103619,102125,104132,102369,30654,27665,44759,44727,1680,5734,2891,8813,8920,9160,5371,5376,,,30654,27665
117,Oberhausen - Wesel III,147679,148108,2469,0.017,1982,0.013,1912,0.013,1803,0.012,145210,146126,145767,146305,46889,43882,65442,60222,2415,9231,4802,15049,10627,11732,11396,9604,,,46889,43882
118,Mlheim - Essen I,140961,140658,1796,0.013,1722,0.012,1483,0.011,1407,0.010,139165,138936,139478,139251,49487,47247,58741,53275,3412,11852,6388,18416,7664,8968,8824,9837,,,49487,47247
119,Essen II,108599,107997,1614,0.015,1581,0.015,1319,0.012,1308,0.012,106985,106416,107280,106689,33243,30540,51677,44684,1721,6967,3627,10947,7752,8716,5382,7616,,,33243,30540
120,Essen III,151040,149281,1551,0.010,1591,0.011,1268,0.008,1198,0.008,149489,147690,149772,148083,59101,54310,59008,49626,3007,11035,8581,20829,7341,9855,11576,14550,,,59101,54310
121,Recklinghausen I,122346,124037,1801,0.015,1847,0.015,1419,0.012,1379,0.011,120545,122190,120927,122658,41383,40898,54504,48070,2426,9090,4100,13462,7410,8244,6178,7716,,,41383,40898
122,Recklinghausen II,137426,140361,2221,0.016,1810,0.013,1702,0.012,1428,0.010,135205,138551,135724,138933,49404,47082,61748,54378,2122,10678,4813,15219,7529,8501,6733,7860,,,49404,47082
123,Gelsenkirchen,118452,121673,1608,0.014,2652,0.022,1504,0.013,1472,0.012,116844,119021,116948,120201,33460,32380,58967,51514,1933,8344,3468,10846,7112,8880,4270,6413,,,33460,32380
124,Steinfurt I - Borken I,147449,143677,1602,0.011,1979,0.014,1243,0.008,1411,0.010,145847,141698,146206,142266,75853,72802,46459,41073,4075,17533,7434,22277,5484,6420,7458,8936,,,75853,72802
125,Bottrop - Recklinghausen III,148181,148523,2010,0.014,1804,0.012,1693,0.011,1596,0.011,146171,146719,146488,146927,53354,51021,66913,58800,2372,9710,5095,16171,7827,9153,5277,7998,,,53354,51021
126,Borken II,151387,147728,1401,0.009,1494,0.010,1118,0.007,1231,0.008,149986,146234,150269,146497,86028,80352,40643,38391,3389,12521,7915,24230,4513,5447,9548,9138,,,86028,80352
127,Coesfeld - Steinfurt II,149678,146369,1297,0.009,1372,0.009,1193,0.008,1100,0.008,148381,144997,148485,145269,83175,74391,39724,38075,3826,14229,8328,24041,4929,6167,10346,12083,,,83175,74391
128,Steinfurt III,146050,143782,1336,0.009,1842,0.013,1296,0.009,1371,0.010,144714,141940,144754,142411,69385,62729,52786,48324,2603,11613,6822,20001,5533,6765,8464,10981,,,69385,62729
129,Mnster,180093,163921,1527,0.008,1362,0.008,1291,0.007,1190,0.007,178566,162559,178802,162731,69352,67626,63296,48579,10222,16131,12119,23951,7620,11254,19767,27118,,,69352,67626
130,Warendorf,158085,156217,1684,0.011,2696,0.017,1552,0.010,1809,0.012,156401,153521,156533,154408,80272,73764,50056,45609,3533,16333,8486,23668,5488,6858,9300,11305,,,80272,73764
131,Gtersloh I,168983,168245,2080,0.012,2536,0.015,1840,0.011,1925,0.011,166903,165709,167143,166320,83869,77361,56031,47962,3146,15138,8236,24698,7133,8332,9069,13148,,,83869,77361
132,Bielefeld - Gtersloh II,179625,180441,2476,0.014,2348,0.013,2077,0.012,2091,0.012,177149,178093,177548,178350,66021,62698,67464,57931,3523,10852,7055,19883,12153,14869,19026,20711,,,66021,62698
133,Herford - Minden-Lbbecke II,163815,165115,2482,0.015,2497,0.015,1855,0.011,2079,0.013,161333,162618,161960,163036,65873,63755,66637,56554,5651,15549,6798,22018,8706,9409,8209,12297,,,65873,63755
134,Minden-Lbbecke I,145637,147381,2113,0.015,1996,0.014,1611,0.011,1756,0.012,143524,145385,144026,145625,66385,59134,58186,49536,2738,9628,6640,18097,5943,7114,5923,10527,,,66385,59134
135,Lippe I,125708,127817,1797,0.014,1880,0.015,1514,0.012,1522,0.012,123911,125937,124194,126295,49783,48776,50934,43583,2873,11879,5698,16627,5186,6369,7070,9123,,,49783,48776
136,Hxter - Lippe II,155994,158321,2260,0.014,2673,0.017,1996,0.013,2368,0.015,153734,155648,153998,155953,76882,70520,48159,45707,2956,12086,7423,23125,6328,7894,8757,10266,,,76882,70520
137,Paderborn - Gtersloh III,176149,172558,2103,0.012,2208,0.013,2001,0.011,2107,0.012,174046,170350,174148,170451,102867,89394,40429,40630,3296,15282,8774,28805,6969,9065,11254,12445,,,102867,89394
138,Hagen - Ennepe-Ruhr-Kreis I,147183,150712,2595,0.018,1885,0.013,1737,0.012,1650,0.011,144588,148827,145446,149062,49329,51328,68044,53380,4978,11251,6604,18246,8181,9820,6521,9806,,,49329,51328
139,Ennepe-Ruhr-Kreis II,134749,135860,1897,0.014,1727,0.013,1600,0.012,1430,0.011,132852,134133,133149,134430,47530,44028,56197,50946,2666,13392,5977,16778,6743,8498,10964,12071,,,47530,44028
140,Bochum I,154030,153800,2865,0.019,1853,0.012,1848,0.012,1579,0.010,151165,151947,152182,152221,53861,46448,66851,58766,2069,8578,5862,16390,10331,12022,10323,14667,,,53861,46448
141,Herne - Bochum II,126927,128511,2397,0.019,3036,0.024,1794,0.014,1948,0.015,124530,125475,125133,126563,37807,35149,60610,54876,1894,8545,3528,11591,9500,10162,7194,8275,,,37807,35149
142,Dortmund I,149031,149331,1562,0.010,1556,0.010,1546,0.010,1258,0.008,147469,147775,147485,148073,45310,42712,67019,56180,2882,12890,6107,17813,8835,11653,11042,15827,,,45310,42712
143,Dortmund II,137503,141167,1850,0.013,1605,0.011,1501,0.011,1412,0.010,135653,139562,136002,139755,43688,39604,63388,55683,2014,9387,5139,15993,9340,10568,9228,11328,,,43688,39604
144,Unna I,148119,148909,1843,0.012,1757,0.012,1504,0.010,1552,0.010,146276,147152,146615,147357,52433,46794,68287,60019,2514,9418,5850,17773,7749,9127,8242,11567,,,52433,46794
145,Hamm - Unna II,167338,167422,2426,0.014,2324,0.014,1946,0.012,1932,0.012,164912,165098,165392,165490,64871,60984,71174,63646,3439,14952,6153,19998,9277,10399,8250,9990,,,64871,60984
146,Soest,167911,165293,2435,0.015,2204,0.013,1765,0.011,1921,0.012,165476,163089,166146,163372,82394,74380,55127,50439,3870,15625,8218,27675,8267,8721,9868,11565,,,82394,74380
147,Hochsauerlandkreis,151727,152242,2123,0.014,1927,0.013,1681,0.011,1702,0.011,149604,150315,150046,150540,83952,74530,44682,42054,2878,13753,7625,24530,6159,7055,6308,7161,,,83952,74530
148,Siegen-Wittgenstein,156569,156878,1812,0.012,2271,0.014,1673,0.011,1682,0.011,154757,154607,154896,155196,70833,64307,56510,49563,3383,15482,7327,23059,6891,8920,7808,9937,,,70833,64307
149,Olpe - Mrkischer Kreis I,150469,151127,1632,0.011,1941,0.013,1554,0.010,1733,0.011,148837,149186,148915,149394,76911,71437,48711,42002,3586,15568,7694,25021,5635,7113,5132,7726,,,76911,71437
150,Mrkischer Kreis II,145197,146986,1695,0.012,1788,0.012,1637,0.011,1661,0.011,143502,145198,143560,145325,59768,59536,59821,46318,2792,11740,6431,20616,6926,8463,4498,7971,,,59768,59536
,,,,,,,,,,,,,,,,,,,,,,,,,,,,,,0,0
167,Waldeck,138632,140808,4931,0.036,3801,0.027,4216,0.030,3513,0.025,133701,137007,134416,137295,55444,49063,55217,48420,3579,13180,6452,20210,7253,7356,8486,10872,,,55444,49063
168,Kassel,160695,161033,5232,0.033,4254,0.026,4216,0.026,3903,0.024,155463,156779,156479,157130,54674,48361,62178,53232,3192,12188,6259,19820,13066,13680,16559,19884,,,54674,48361
169,Werra-Meißner - Hersfeld-Rotenburg,131446,135727,4632,0.035,3713,0.027,4193,0.032,3630,0.027,126814,132014,127253,132097,51386,45872,54630,46913,2513,12290,5014,17526,7277,7584,6333,8868,,,51386,45872
170,Schwalm-Eder,141665,144490,4836,0.034,4391,0.030,4684,0.033,4275,0.030,136829,140099,136981,140215,54162,48747,57944,50052,3005,13487,6362,19854,6890,7442,7884,10498,,,54162,48747
171,Marburg,130945,135293,2943,0.022,2382,0.018,3036,0.023,2195,0.016,128002,132911,127909,133098,50683,46993,55982,42749,2229,10964,5111,17410,6746,8720,7595,13443,,,50683,46993
172,Lahn-Dill,146943,147952,4108,0.028,3104,0.021,3840,0.026,2730,0.018,142835,144848,143103,145222,68666,59760,49213,43406,3033,12968,6323,21137,6603,7433,8647,10600,,,68666,59760
173,Gießen,156652,156108,4350,0.028,3598,0.023,3929,0.025,3357,0.022,152302,152510,152723,152751,67587,59062,54028,45299,4543,16804,7553,24009,7802,9928,11186,14759,,,67587,59062
174,Fulda,154025,156363,4429,0.029,3465,0.022,3795,0.025,3141,0.020,149596,152898,150230,153222,87263,76778,37352,33218,3605,15268,7313,27119,6869,6900,8125,10058,,,87263,76778
175,Main-Kinzig - Wetterau II - Schotten,131010,132713,4237,0.032,3530,0.027,3996,0.031,3444,0.026,126773,129183,127014,129269,61911,52305,41061,35313,2963,12321,6516,22105,6739,6934,6815,9720,,,61911,52305
176,Hochtaunus,139886,141075,2911,0.021,2300,0.016,3003,0.021,2217,0.016,136975,138775,136883,138858,66785,58822,38435,33846,4866,16255,10334,27979,5482,6358,10064,12690,,,66785,58822
177,Wetterau I,131480,131624,3710,0.028,2757,0.021,3331,0.025,2617,0.020,127770,128867,128149,129007,60118,52419,40805,34937,3527,11785,7586,23124,6174,6615,9497,11991,,,60118,52419
178,Rheingau-Taunus - Limburg,165788,166456,3756,0.023,3400,0.020,3864,0.023,2837,0.017,162032,163056,161924,163619,84489,73599,47152,40718,3726,17463,10139,30530,6300,7290,9119,13955,,,84489,73599
179,Wiesbaden,132335,133425,2705,0.020,2374,0.018,2652,0.020,2221,0.017,129630,131051,129683,131204,56466,50187,45311,36041,3296,12350,8801,23194,6097,7668,9784,15133,,,56466,50187
180,Hanau,128280,128322,4179,0.033,2768,0.022,3786,0.030,2732,0.021,124101,125554,124494,125590,54920,48828,45184,35650,3053,10972,6611,21904,7069,7630,7217,11183,,,54920,48828
181,Main-Taunus,155145,155748,4078,0.026,2821,0.018,3226,0.021,2322,0.015,151067,152927,151919,153426,79353,66598,40927,34156,6472,18588,13100,33225,6355,6406,12453,15057,,,79353,66598
182,Frankfurt am Main I,133575,132429,3056,0.023,2217,0.017,2687,0.020,2091,0.016,130519,130212,130888,130338,52427,43883,43124,35106,4125,12876,9209,22761,10280,11684,12875,17398,,,52427,43883
183,Frankfurt am Main II,159914,156548,2937,0.018,2671,0.017,2901,0.018,2150,0.014,156977,153877,157013,154398,57004,53198,47854,41360,5434,14336,10979,27031,9547,12778,21184,24165,,,57004,53198
184,Groß-Gerau,127383,128119,4079,0.032,3099,0.024,3694,0.029,2765,0.022,123304,125020,123689,125354,52087,45389,46942,37781,2489,10177,5762,18630,7645,7693,9502,13129,,,52087,45389
185,Offenbach,158240,158857,4637,0.029,3969,0.025,3990,0.025,4213,0.027,153603,154888,154250,154644,69930,59905,47984,40203,4376,15843,9836,28409,9479,10205,12548,16503,,,69930,59905
186,Darmstadt,180790,176435,4193,0.023,3467,0.020,4090,0.023,3050,0.017,176597,172968,176700,173385,63397,61677,65820,50416,4306,13553,8945,26539,9111,11866,20704,25149,,,63397,61677
187,Odenwald,177273,176808,6023,0.034,5386,0.030,5441,0.031,4959,0.028,171250,171422,171832,171849,80323,70211,57586,48252,4581,18409,8964,29697,8621,9459,11854,15560,,,80323,70211
188,Bergstraße,148381,148308,3252,0.022,3135,0.021,3822,0.026,2708,0.018,145129,145173,144559,145600,70131,61337,46099,39838,2795,12966,7975,25219,5730,7025,8222,12520,,,70131,61337
,,,,,,,,,,,,,,,,,,,,,,,,,,,,,,0,0
198,Neuwied,173536,172799,3247,0.019,3873,0.022,2380,0.014,2735,0.016,170289,168926,171156,170064,79785,78005,63453,48866,3906,17881,8023,28754,7655,8965,6779,10661,,,79785,78005
199,Ahrweiler,142594,139346,3103,0.022,2813,0.020,1934,0.014,2187,0.016,139491,136533,140660,137159,77379,68680,39071,34660,3313,20470,7897,25933,6221,6569,7813,9287,,,77379,68680
200,Koblenz,142888,138790,3193,0.022,3133,0.023,2025,0.014,2553,0.018,139695,135657,140863,136237,67046,63427,43094,38221,3772,13084,7595,23679,6901,7358,11184,10853,,,67046,63427
201,Mosel/Rhein-Hunsrck,129262,129502,3111,0.024,4212,0.033,2310,0.018,2615,0.020,126151,125290,126952,126887,67658,62703,35146,31202,3990,15621,7948,24093,5647,6139,5083,7257,,,67658,62703
202,Kreuznach,132299,133191,3409,0.026,3062,0.023,2495,0.019,2458,0.018,128890,130129,129804,130733,53324,53335,48521,40708,3767,8684,7236,21190,6688,7485,5733,8221,,,53324,53335
203,Bitburg,119298,120001,2706,0.023,3429,0.029,2031,0.017,2390,0.020,116592,116572,117267,117611,65252,61192,30613,26189,3807,16213,7136,22500,3867,5134,5775,7165,,,65252,61192
204,Trier,141134,139027,3321,0.024,3573,0.026,2610,0.018,2348,0.017,137813,135454,138524,136679,67281,60909,42879,36410,2656,11330,6841,20509,7687,8688,9555,13157,,,67281,60909
205,Montabaur,155100,154343,3327,0.021,3255,0.021,2269,0.015,2698,0.017,151773,151088,152831,151645,74887,69119,47097,42500,3714,16541,7994,28104,7217,7724,9014,9646,,,74887,69119
206,Mainz,196076,191097,3583,0.018,3627,0.019,2523,0.013,2619,0.014,192493,187470,193553,188478,77285,74392,67169,51614,9633,22054,12688,29045,8359,10652,19339,25339,,,77285,74392
207,Worms,148928,147381,2953,0.020,3191,0.022,2570,0.017,2788,0.019,145975,144190,146358,144593,61337,57620,53948,43670,3652,14051,8657,22748,5359,7398,8111,12267,,,61337,57620
208,Ludwigshafen/Frankenthal,155005,153455,3243,0.021,3013,0.020,2585,0.017,2744,0.018,151762,150442,152420,150711,65746,59425,54003,45001,3773,12878,7952,22392,7476,8538,7247,11042,,,65746,59425
209,Neustadt - Speyer,165435,164052,3865,0.023,3870,0.024,2632,0.016,2884,0.018,161570,160182,162803,161168,77345,71072,46217,41982,4355,14870,9337,26988,7244,7871,13054,13915,,,77345,71072
210,Kaiserslautern,163010,163350,4024,0.025,4062,0.025,3142,0.019,3166,0.019,158986,159288,159868,160184,59086,57376,61253,52242,3584,14725,7315,22932,11813,12107,8446,11430,,,59086,57376
211,Pirmasens,128753,131065,4085,0.032,4156,0.032,3159,0.025,3205,0.024,124668,126909,125594,127860,57201,54877,40180,35108,3446,14105,6344,19605,7486,8172,5059,5960,,,57201,54877
212,Sdpfalz,158661,156149,3545,0.022,3719,0.024,2817,0.018,3029,0.019,155116,152430,155844,153120,75748,66523,43385,40537,6217,19431,9677,26201,6308,7538,11064,13172,,,75748,66523
,,,,,,,,,,,,,,,,,,,,,,,,,,,,,,0,0
258,Stuttgart I,152546,142504,1298,0.009,1527,0.011,1046,0.007,1120,0.008,151248,140977,151500,141384,63465,56794,25050,31766,3894,14514,12548,27557,5824,9432,41522,26534,,,63465,56794
259,Stuttgart II,134355,129259,1520,0.011,1789,0.014,1314,0.010,1539,0.012,132835,127470,133041,127720,58222,52323,34690,30469,3594,13327,8920,22059,6633,8902,18505,18341,,,58222,52323
260,Bblingen,191149,185176,2400,0.013,2730,0.015,1872,0.010,2507,0.014,188749,182446,189277,182669,102408,88734,44676,37808,6501,23717,13516,38125,7621,8234,17750,19613,,,102408,88734
261,Esslingen,129700,125558,1275,0.010,1711,0.014,1164,0.009,1450,0.012,128425,123847,128536,124108,65825,57598,32379,28205,2474,10819,7859,22873,4788,5862,14236,15483,,,65825,57598
262,Nrtingen,160053,154949,1680,0.010,2431,0.016,1627,0.010,1978,0.013,158373,152518,158426,152971,80710,72844,40013,31499,3997,17768,10880,31686,5205,6533,15685,18435,,,80710,72844
263,Gppingen,132632,129901,1921,0.014,2288,0.018,1529,0.012,2045,0.016,130711,127613,131103,127856,64095,60058,31646,28435,4393,13177,7646,24408,4710,5569,14010,13275,,,64095,60058
264,Waiblingen,171509,164521,2110,0.012,2560,0.016,1650,0.010,2140,0.013,169399,161961,169859,162381,87082,77461,38908,34086,6354,19793,13327,33634,6211,7663,17838,17511,,,87082,77461
265,Ludwigsburg,162815,156053,2254,0.014,2440,0.016,1544,0.009,1882,0.012,160561,153613,161271,154171,80935,70982,33977,34338,5126,19431,11140,30179,7739,7594,21666,18842,,,80935,70982
266,Neckar-Zaber,177134,170674,2854,0.016,2745,0.016,1876,0.011,2300,0.013,174280,167929,175258,168374,92693,79372,45962,36849,5404,24682,11799,34641,7697,7271,16474,18551,,,92693,79372
267,Heilbronn,173772,168927,2885,0.017,3239,0.019,2182,0.013,2698,0.016,170887,165688,171590,166229,87777,78544,46231,37933,6178,19924,10927,31932,7554,8138,12771,14662,,,87777,78544
268,Schwbisch Hall - Hohenlohe,158389,154351,2624,0.017,3030,0.020,2156,0.014,2561,0.017,155765,151321,156233,151790,81427,72835,35728,31230,6128,19839,10355,28688,6626,7535,15569,15641,,,81427,72835
269,Backnang - Schwbisch Gmnd,130255,126601,2468,0.019,2504,0.020,1647,0.013,2189,0.017,127787,124097,128608,124412,70748,62236,31673,26198,3541,12822,7420,23060,5079,5454,10439,11657,,,70748,62236
270,Aalen - Heidenheim,162969,159936,2859,0.018,3218,0.020,2036,0.012,2871,0.018,160110,156718,160933,157065,92293,79409,39464,35861,2857,15604,7267,26534,7929,7483,12402,13532,,,92293,79409
271,Karlsruhe-Stadt,150050,143521,1939,0.013,2030,0.014,1444,0.010,1855,0.013,148111,141491,148606,141666,58452,55791,43866,33785,4714,11845,8978,24654,7254,8933,20337,22263,,,58452,55791
272,Karlsruhe-Land,159992,155522,2737,0.017,2991,0.019,1887,0.012,2339,0.015,157255,152531,158105,153183,83848,73805,40735,33416,4490,17668,9553,29292,5896,6461,12298,15175,,,83848,73805
273,Rastatt,148159,146160,2513,0.017,3219,0.022,2202,0.015,2667,0.018,145646,142941,145957,143493,77850,71752,33482,30043,4527,14235,8436,25553,5073,6055,12233,13223,,,77850,71752
274,Heidelberg,168177,162920,1858,0.011,2338,0.014,1771,0.011,1932,0.012,166319,160582,166406,160988,68061,62331,50850,38915,5180,19314,11626,28419,6892,9413,20392,24601,,,68061,62331
275,Mannheim,137796,134143,2629,0.019,2149,0.016,2052,0.015,1785,0.013,135167,131994,135744,132358,53819,47598,43736,37367,3772,11782,7427,19900,8951,10227,16544,15047,,,53819,47598
276,Odenwald - Tauber,155585,153296,2300,0.015,3375,0.022,2339,0.015,3040,0.020,153285,149921,153246,150256,90624,79516,32696,30269,2807,17199,7956,25455,5158,6379,9019,10984,,,90624,79516
277,Rhein-Neckar,147782,144215,2228,0.015,2928,0.020,2035,0.014,2277,0.016,145554,141287,145747,141938,72271,63876,37724,32456,3709,17833,9444,26191,5824,6959,12031,13912,,,72271,63876
278,Bruchsal - Schwetzingen,145107,141401,2468,0.017,3452,0.024,2072,0.014,2611,0.018,142639,137949,143035,138790,73944,66656,35252,30861,3966,15785,8133,26626,5345,6357,9678,11696,,,73944,66656
279,Pforzheim,159491,155907,2294,0.014,3120,0.020,2095,0.013,2805,0.018,157197,152787,157396,153102,77737,70997,36059,31788,9064,24640,11171,30192,6435,7248,12539,14081,,,77737,70997
280,Calw,145151,142812,2442,0.017,2877,0.020,1881,0.013,2537,0.018,142709,139935,143270,140275,83514,73263,28892,25285,4072,17528,9194,28260,6094,5948,10036,10946,,,83514,73263
281,Freiburg,168260,157681,1726,0.010,2537,0.016,1681,0.010,1998,0.013,166534,155144,166579,155683,58106,59007,50004,36791,3182,12674,8059,21887,8083,13105,34762,33044,,,58106,59007
282,Lrrach - Mllheim,164341,156692,2298,0.014,2864,0.018,2139,0.013,2577,0.016,162043,153828,162202,154115,81205,70888,39902,35328,3856,16932,9159,26425,6305,7856,19468,20593,,,81205,70888
283,Emmendingen - Lahr,153869,149482,3254,0.021,3557,0.024,2600,0.017,3458,0.023,150615,145925,151269,146024,78797,69272,39772,32131,2742,14470,7749,24135,7002,7016,17368,18293,,,78797,69272
284,Offenburg,145259,141835,2386,0.016,3305,0.023,2437,0.017,3164,0.022,142873,138530,142822,138671,80083,68973,28862,27448,3063,15454,8140,24887,6083,6762,14111,15311,,,80083,68973
285,Rottweil - Tuttlingen,143449,141391,2519,0.018,3816,0.027,2281,0.016,3024,0.021,140930,137575,141168,138367,81517,72998,25044,24757,4714,24395,9025,30249,5290,5601,10546,10385,,,81517,72998
286,Schwarzwald-Baar,119181,117355,1815,0.015,2983,0.025,1836,0.015,2618,0.022,117366,114372,117345,114737,66505,57912,22211,22414,2946,15292,6933,23812,4144,4860,8984,10613,,,66505,57912
287,Konstanz,147557,140167,1907,0.013,2793,0.020,1741,0.012,2480,0.018,145650,137374,145816,137687,75524,63563,27956,29504,5476,20335,10735,29372,5980,7295,19322,18446,,,75524,63563
288,Waldshut,128808,125418,2367,0.018,2689,0.021,1772,0.014,2066,0.016,126441,122729,127036,123352,65009,62610,35359,24130,4184,13686,7307,22993,5613,5482,12768,13987,,,65009,62610
289,Reutlingen,150014,145797,1883,0.013,3392,0.023,1992,0.013,2561,0.018,148131,142405,148022,143236,76870,68394,29859,28558,5665,18198,10441,28734,5966,7089,18399,16195,,,76870,68394
290,Tbingen,149768,143896,1789,0.012,2199,0.015,1487,0.010,1855,0.013,147979,141697,148281,142041,69354,61889,30160,30417,3358,13680,8208,24233,9589,9820,24477,21978,,,69354,61889
291,Ulm,167199,161713,2153,0.013,3270,0.020,1731,0.010,2567,0.016,165046,158443,165468,159146,85984,80370,39321,33432,4371,18278,8662,28714,6012,7087,16041,17023,,,85984,80370
292,Biberach,121718,117289,2131,0.018,3263,0.028,1630,0.013,2303,0.020,119587,114026,120088,114986,70540,67567,23786,17814,2567,17233,5851,21665,4013,4075,10754,10887,,,70540,67567
293,Bodensee,128696,122655,1930,0.015,2181,0.018,1487,0.012,1767,0.014,126766,120474,127209,120888,68333,61961,26105,23125,4955,16521,8086,24483,5749,5629,14224,14955,,,68333,61961
294,Ravensburg,135877,130128,1630,0.012,3110,0.024,1371,0.010,1966,0.015,134247,127018,134506,128162,69312,67251,26909,23266,3320,17946,7047,23997,4424,5770,18298,16571,,,69312,67251
295,Zollernalb - Sigmaringen,132905,130436,2714,0.020,3243,0.025,1844,0.014,2621,0.020,130191,127193,131061,127815,78966,69176,23684,22447,3069,17220,7393,27454,5460,5359,10802,11008,,,78966,69176
,,,,,,,,,,,,,,,,,,,,,,,,,,,,,,0,0
213,Alttting,111846,112507,985,0.009,1738,0.015,985,0.009,1221,0.011,110861,110769,110861,111286,,,15921,16797,2293,9508,4365,13992,2832,3241,6030,6394,72915,64998,72915,64998
214,Erding - Ebersberg,143626,140360,1083,0.008,2228,0.016,929,0.006,1157,0.008,142543,138132,142697,139203,,,27233,23670,3125,16433,7322,22094,3712,4178,11377,12587,78991,72850,78991,72850
215,Freising,155881,154723,1439,0.009,2174,0.014,1106,0.007,1218,0.008,154442,152549,154775,153505,,,27165,25243,3854,20220,7248,22532,4440,5030,18169,14390,81729,78924,81729,78924
216,Frstenfeldbruck,188417,186845,1377,0.007,2143,0.011,1164,0.006,1556,0.008,187040,184702,187253,185289,,,37575,34660,4196,20645,9455,29842,5096,5711,14515,16586,103904,94458,103904,94458
217,Ingolstadt,174710,174765,1378,0.008,2418,0.014,1511,0.009,1611,0.009,173332,172347,173199,173154,,,28561,29880,3471,13994,7407,21359,6755,6163,11340,10752,106668,96804,106668,96804
218,Mnchen-Nord,155942,158045,1185,0.008,1459,0.009,698,0.004,1123,0.007,154757,156586,155244,156922,,,48625,38350,5749,15766,12778,28189,5722,7088,15962,21174,66930,57100,66930,57100
219,Mnchen-Ost,168795,170334,1355,0.008,1469,0.009,753,0.004,1028,0.006,167440,168865,168042,169306,,,48051,39187,6920,24022,13775,31531,5713,7131,17100,21719,74745,66349,74745,66349
220,Mnchen-Sd,154146,155666,975,0.006,1546,0.010,749,0.005,1000,0.006,153171,154120,153397,154666,,,43571,36877,4650,17033,10727,25600,6027,7341,17407,21440,66513,58097,66513,58097
221,Mnchen-West/Mitte,174322,173138,1303,0.007,1561,0.009,789,0.005,1086,0.006,173019,171577,173533,172052,,,49419,41108,6984,20442,12850,29355,7135,8312,22743,27068,73661,64221,73661,64221
222,Mnchen-Land,192033,192148,1161,0.006,1783,0.009,1173,0.006,1145,0.006,190872,190365,190860,191003,,,38786,37497,7429,26030,16300,37893,3996,5380,21279,18960,100176,89504,100176,89504
223,Rosenheim,162958,161912,1336,0.008,2087,0.013,1147,0.007,1544,0.010,161622,159825,161811,160368,,,20229,23966,4272,14745,8040,23226,3932,4688,15125,13631,93964,87569,93964,87569
224,Starnberg,182283,183059,2179,0.012,2456,0.013,1195,0.007,1459,0.008,180104,180603,181088,181600,,,31678,27345,13381,25954,13346,34361,5041,4796,16031,16417,97383,93201,97383,93201
225,Traunstein,141456,142584,1544,0.011,1966,0.014,1126,0.008,1402,0.010,139912,140618,140330,141182,,,24570,20875,3313,10142,6139,18243,4117,4193,11973,12334,87598,80351,87598,80351
226,Weilheim,184167,183832,1951,0.011,2439,0.013,1397,0.008,1704,0.009,182216,181393,182770,182128,,,30019,28342,5325,19076,9461,28911,5321,5629,15559,16017,104236,95885,104236,95885
227,Deggendorf,93941,94922,843,0.009,1524,0.016,739,0.008,1049,0.011,93098,93398,93202,93873,,,14779,15438,1950,11065,3557,13485,2802,3107,4187,4065,57145,52481,57145,52481
228,Landshut,171644,171065,1648,0.010,2818,0.016,1206,0.007,1584,0.009,169996,168247,170438,169481,,,27537,27160,5147,22940,7989,24031,4920,5161,14085,11427,98703,92069,98703,92069
229,Passau,117391,118249,1280,0.011,1536,0.013,949,0.008,1124,0.010,116111,116713,116442,117125,,,22845,21611,,22069,5198,18202,3763,4399,5956,6895,69428,62765,69428,62765
230,Rottal-Inn,103874,104487,1233,0.012,2052,0.020,902,0.009,1227,0.012,102641,102435,102972,103260,,,16619,15626,2070,10305,4195,14359,2668,2753,4773,4996,62748,60501,62748,60501
231,Straubing,111537,112708,1167,0.010,1621,0.014,988,0.009,1345,0.012,110370,111087,110549,111363,,,19400,17790,2596,8650,4653,15232,2757,3297,3582,4324,67579,63887,67579,63887
232,Amberg,151021,153659,1542,0.010,3314,0.022,1285,0.009,1680,0.011,149479,150345,149736,151979,,,31253,29036,3148,18922,5633,19418,4909,5052,7365,8997,87248,80073,87248,80073
233,Regensburg,171954,171002,1394,0.008,1933,0.011,1315,0.008,1455,0.009,170560,169069,170639,169547,,,37541,32902,6830,21618,7835,22998,5839,6617,14202,15759,82648,82556,82648,82556
234,Schwandorf,141364,143939,1247,0.009,2151,0.015,1564,0.011,1957,0.014,140117,141788,139800,141982,,,34716,27066,2430,11058,4701,16553,3820,4505,4516,5927,80840,76453,80840,76453
235,Weiden,118903,124026,1114,0.009,1859,0.015,1193,0.010,2270,0.018,117789,122167,117710,121756,,,25881,26484,1735,8664,3953,14272,3117,3982,4531,5072,64930,62126,64930,62126
236,Bamberg,126869,129049,995,0.008,1563,0.012,920,0.007,1170,0.009,125874,127486,125949,127879,,,28794,24924,4252,13590,6073,17523,4365,5143,10283,11267,65723,61546,65723,61546
237,Bayreuth,115659,117290,1187,0.010,1654,0.014,855,0.007,974,0.008,114472,115636,114804,116316,,,29344,26676,3133,9898,5539,16066,3246,3783,7189,7803,63936,56846,63936,56846
238,Coburg,111378,115851,985,0.009,1784,0.015,1008,0.009,1272,0.011,110393,114067,110370,114579,,,35785,30708,1835,8805,4469,13398,3681,4415,4274,6309,55309,51567,55309,51567
239,Hof,118838,126096,1089,0.009,2057,0.016,1201,0.010,1735,0.014,117749,124039,117637,124361,,,33731,31406,1527,9604,4418,14036,5264,5619,6449,6315,64888,55219,64888,55219
240,Kulmbach,122307,128501,1225,0.010,1198,0.009,1207,0.010,1384,0.011,121082,127303,121100,127117,,,27587,26030,1996,4885,4513,14520,3616,4392,4845,6396,68903,63378,68903,63378
241,Ansbach,166555,171989,1683,0.010,2553,0.015,1458,0.009,2119,0.012,164872,169436,165097,169870,,,38331,36690,7454,17346,7619,23222,6202,6368,9665,13771,87922,78640,87922,78640
242,Erlangen,135186,135845,863,0.006,1335,0.010,937,0.007,1091,0.008,134323,134510,134249,134754,,,35377,32638,2990,12736,7440,20048,5611,5840,11980,15395,65151,55940,65151,55940
243,Frth,178211,179941,1370,0.008,2512,0.014,1504,0.008,2030,0.011,176841,177429,176707,177911,,,47936,44485,3239,15361,8251,24978,7524,8816,14595,16126,86997,75595,86997,75595
244,Nrnberg-Nord,132674,135154,1053,0.008,1572,0.012,1027,0.008,1190,0.009,131621,133582,131647,133964,,,41666,35310,3556,10652,7150,18528,8099,9311,13336,17444,51829,45748,51829,45748
245,Nrnberg-Sd,121814,124786,1157,0.009,1689,0.014,1239,0.010,1371,0.011,120657,123097,120575,123415,,,38942,34363,2192,10498,5087,14592,6038,6948,8165,9705,53519,48881,53519,48881
246,Roth,168765,171076,1566,0.009,2256,0.013,1312,0.008,1692,0.010,167199,168820,167453,169384,,,46200,41107,5371,18809,7467,23177,6064,6394,11142,14247,84618,76181,84618,76181
247,Aschaffenburg,131310,135005,2410,0.018,2840,0.021,1964,0.015,2297,0.017,128900,132165,129346,132708,,,32308,28408,4199,15185,7003,20868,3641,4691,10284,11135,67591,61741,67591,61741
248,Bad Kissingen,155355,162052,1822,0.012,2659,0.016,1733,0.011,1900,0.012,153533,159393,153622,160152,,,30564,27931,4391,13592,7342,22188,6930,6946,12127,9874,88911,82760,88911,82760
249,Main-Spessart,143137,147482,2024,0.014,3186,0.022,1707,0.012,2289,0.016,141113,144296,141430,145193,,,32812,30486,3632,12858,6413,20360,4426,4839,8810,9972,73001,69953,73001,69953
250,Schweinfurt,141275,146050,1713,0.012,3121,0.021,1416,0.010,1867,0.013,139562,142929,139859,144183,,,32190,28872,2921,13713,5906,18742,7514,6940,8052,9903,76548,71264,76548,71264
251,Wrzburg,166593,170031,1364,0.008,2185,0.013,1322,0.008,1569,0.009,165229,167846,165271,168462,,,42136,37225,5323,17030,8485,23203,5374,6637,16454,19311,80776,74187,80776,74187
252,Augsburg-Stadt,133378,135957,1354,0.010,1789,0.013,1112,0.008,1748,0.013,132024,134168,132266,134209,,,33145,29328,4511,14638,6187,17645,6408,7391,14568,13940,58622,57699,58622,57699
253,Augsburg-Land,176239,177024,1600,0.009,2484,0.014,1229,0.007,1754,0.010,174639,174540,175010,175270,,,30879,30126,3974,20137,8134,27522,5177,5631,12067,12670,105841,93973,105841,93973
254,Donau-Ries,131055,133619,1560,0.012,2191,0.016,1297,0.010,1497,0.011,129495,131428,129758,132122,,,22858,21616,3170,15337,5824,19314,5797,4260,8153,7773,78524,72065,78524,72065
255,Neu-Ulm,161614,164678,1697,0.011,2832,0.017,1248,0.008,1790,0.011,159917,161846,160366,162888,,,29420,29023,4377,18406,7485,26391,5546,5958,12505,10417,91961,84598,91961,84598
256,Oberallgu,155635,158857,1531,0.010,2008,0.013,1084,0.007,1618,0.010,154104,156849,154551,157239,,,26722,24776,5501,17464,8749,26018,5530,5574,13011,14329,93494,80902,93494,80902
257,Ostallgu,167668,170224,1456,0.009,2992,0.018,1328,0.008,2194,0.013,166212,167232,166340,168030,,,25009,24971,2847,21115,7677,28362,4731,5270,10039,11785,99333,91664,99333,91664
,,,,,,,,,,,,,,,,,,,,,,,,,,,,,,0,0
296,Saarbrcken,142400,146713,3349,0.024,2699,0.018,3065,0.022,2133,0.015,139051,144014,139335,144580,51324,46513,50286,43329,2410,10597,6246,17651,15202,16268,7422,10910,,,51324,46513
297,Saarlouis,154287,159639,4360,0.028,4022,0.025,4357,0.028,3446,0.022,149927,155617,149930,156193,66694,60052,52303,46037,1872,11516,5480,19643,10936,13458,5577,7873,,,66694,60052
298,St. Wendel,138097,142795,4041,0.029,3814,0.027,3904,0.028,3079,0.022,134056,138981,134193,139716,60865,54911,44868,40861,2221,9486,4514,15094,10247,12139,3793,6088,,,60865,54911
299,Homburg,142644,147047,3729,0.026,3131,0.021,3542,0.025,2669,0.018,138915,143916,139102,144378,55250,50892,52266,44365,1890,10508,5266,17039,12592,14180,4954,7127,,,55250,50892
,,,,,,,,,,,,,,,,,,,,,,,,,,,,,,0,0
75,Berlin-Mitte,141574,133355,2282,0.016,2749,0.021,2174,0.015,2340,0.018,139292,130606,139400,131015,33265,31544,39360,36403,2088,8869,5134,13590,23200,26068,25687,23329,,,33265,31544
76,Berlin-Pankow,175061,166099,2414,0.014,2836,0.017,2237,0.013,2350,0.014,172647,163263,172824,163749,41295,40617,36180,38030,1581,9604,4380,13626,48926,43472,25442,24300,,,41295,40617
77,Berlin-Reinickendorf,133484,132532,2603,0.020,3039,0.023,2428,0.018,2666,0.020,130881,129493,131056,129866,58845,52545,38593,34571,2605,13711,5708,20580,8508,10394,8790,11427,,,58845,52545
78,Berlin-Spandau - Charlottenburg Nord,130485,126799,2722,0.021,3098,0.024,2639,0.020,2821,0.022,127763,123701,127846,123978,50071,46757,47790,36932,1788,10612,4856,18277,9199,12146,5942,10542,,,50071,46757
79,Berlin-Steglitz - Zehlendorf,175539,172795,2559,0.015,2610,0.015,2102,0.012,2188,0.013,172980,170185,173437,170607,73460,64500,50540,44371,4605,15138,11057,28876,9102,12426,20416,23487,,,73460,64500
80,Berlin-Charlottenburg - Wilmersdorf,153420,150356,2086,0.014,2623,0.017,1755,0.011,1971,0.013,151334,147733,151665,148385,56079,49285,47619,41058,3801,16397,10347,24313,9368,13446,22176,23324,,,56079,49285
81,Berlin-Tempelhof - Schneberg,177205,172928,3046,0.017,3533,0.020,2773,0.016,3001,0.017,174159,169395,174432,169927,60926,55275,45659,47834,2585,13292,7134,23407,12801,17937,35461,26941,,,60926,55275
82,Berlin-Neuklln,140825,132613,3102,0.022,3915,0.030,2868,0.020,3357,0.025,137723,128698,137957,129256,42092,40038,44528,36211,1861,11468,4122,16486,16144,19677,16126,19156,,,42092,40038
83,Berlin-Friedrichshain-Kreuzberg - Prenzlauer Berg Ost,168048,160861,2317,0.014,2572,0.016,2358,0.014,2419,0.015,165731,158289,165690,158442,22723,25474,29799,39784,1647,6425,3579,9693,28441,41639,66056,34420,,,22723,25474
84,Berlin-Treptow - Kpenick,148406,142838,2187,0.015,2326,0.016,2125,0.014,2083,0.015,146219,140512,146281,140755,33036,37170,26093,31204,1429,6247,2904,11261,61661,43118,7344,10787,,,33036,37170
85,Berlin-Marzahn - Hellersdorf,132817,128897,2078,0.016,2496,0.019,2085,0.016,2224,0.017,130739,126401,130732,126673,33552,33947,22341,25103,938,6969,2278,9741,50866,43026,4071,5068,,,33552,33947
86,Berlin-Lichtenberg,138551,132766,2259,0.016,2283,0.017,2150,0.016,2014,0.015,136292,130483,136401,130752,30988,31491,26636,27886,939,5048,2117,8666,54932,47158,5748,7956,,,30988,31491
,,,,,,,,,,,,,,,,,,,,,,,,,,,,,,0,0
56,Prignitz - Ostprignitz-Ruppin - Havelland I,103904,108017,2156,0.021,3477,0.032,1682,0.016,3020,0.028,101748,104540,102222,104997,34115,37305,30079,25638,1294,8162,2299,9068,24519,23048,2790,3532,,,34115,37305
57,Uckermark - Barnim I,100634,105423,1879,0.019,3325,0.032,1715,0.017,3006,0.029,98755,102098,98919,102417,38394,36377,23235,22475,1565,6372,2069,7883,25673,23572,2825,3580,,,38394,36377
58,Oberhavel - Havelland II,177378,171514,3659,0.021,4907,0.029,2857,0.016,4179,0.024,173719,166607,174521,167335,65081,63199,48668,41603,2571,12963,5119,19163,34046,32023,8510,9861,,,65081,63199
59,Mrkisch-Oderland - Barnim II,175093,174098,3922,0.022,4674,0.027,3770,0.022,4419,0.025,171171,169424,171323,169679,58210,55340,34745,37323,1887,11139,3816,15335,56391,44996,5876,7213,,,58210,55340
60,Brandenburg an der Havel - Potsdam-Mittelmark I - Havelland III - Teltow-Flming I,124176,128273,2434,0.020,3598,0.028,2205,0.018,3708,0.029,121742,124675,121971,124565,39973,41489,40306,32002,1911,7328,2780,9992,28974,27921,2952,4578,,,39973,41489
61,Potsdam - Potsdam-Mittelmark II - Teltow-Flming II,182227,174226,3088,0.017,4387,0.025,2330,0.013,3560,0.020,179139,169839,179897,170666,58399,56449,57669,44723,3200,12356,5900,17986,35914,37294,12903,16241,,,58399,56449
62,Dahme-Spreewald - Teltow-Flming III - Oberspreewald-Lausitz I,169480,170204,3478,0.021,5598,0.033,3029,0.018,4739,0.028,166002,164606,166451,165465,61487,57867,45078,37780,1989,11959,4526,16102,36284,36310,6324,7425,,,61487,57867
63,Frankfurt (Oder) - Oder-Spree,135293,139228,3167,0.023,4461,0.032,2463,0.018,3597,0.026,132126,134767,132830,135631,44822,44301,32291,29631,2252,10125,2922,12018,37008,32862,5192,5266,,,44822,44301
64,Cottbus - Spree-Neiße,125920,128179,2689,0.021,4218,0.033,2207,0.018,3530,0.028,123231,123961,123713,124649,44301,44230,29510,26863,2498,10878,2984,11230,24681,27965,3278,4382,,,44301,44230
65,Elbe-Elster - Oberspreewald-Lausitz II,118680,126140,2668,0.022,4692,0.037,2165,0.018,3992,0.032,116012,121448,116515,122148,47454,46044,26132,23136,2085,8487,2950,10865,27137,25321,2899,3104,,,47454,46044
,,,,,,,,,,,,,,,,,,,,,,,,,,,,,,0,0
12,Schwerin - Ludwigslust-Parchim I - Nordwestmecklenburg I,148614,148469,2506,0.017,2507,0.017,2135,0.014,2122,0.014,146108,145962,146479,146347,56966,59081,37864,31566,2255,11464,3303,14174,32404,29869,5205,6538,,,56966,59081
13,Ludwigslust-Parchim II - Nordwestmecklenburg II - Landkreis Rostock I,137171,138101,2359,0.017,2440,0.018,1986,0.014,2155,0.016,134812,135661,135185,135946,57917,56922,30711,26641,2125,10106,3006,13264,30812,28803,4641,5448,,,57917,56922
14,Rostock - Landkreis Rostock II,152820,149341,2669,0.017,2402,0.016,2046,0.013,2115,0.014,150151,146939,150774,147226,52661,57188,27498,29010,1606,9931,2911,14285,46160,35792,11216,9874,,,52661,57188
15,Vorpommern-Rgen - Vorpommern-Greifswald I,157402,154213,2467,0.016,2632,0.017,2426,0.015,2761,0.018,154935,151581,154976,151452,87142,69683,21688,22630,1227,8491,4067,16798,29847,31930,4728,7372,,,87142,69683
16,Mecklenburgische Seenplatte I - Vorpommern-Greifswald II,148874,153434,2778,0.019,3498,0.023,2514,0.017,3085,0.020,146096,149936,146360,150349,67069,65767,22870,21603,2695,11746,2910,13987,34972,31658,3359,4010,,,67069,65767
17,Mecklenburgische Seenplatte II - Landkreis Rostock III,136837,138618,3195,0.023,2988,0.022,2868,0.021,2671,0.019,133642,135630,133969,135947,62852,60407,25029,22981,1983,9731,2771,12695,30284,28819,4083,4474,,,62852,60407
,,,,,,,,,,,,,,,,,,,,,,,,,,,,,,0,0
151,Nordsachsen,112071,109628,2610,0.023,1785,0.016,1908,0.017,1672,0.015,109461,107843,110163,107956,49906,49473,22316,16970,2276,10611,2912,13747,23843,22696,3399,3144,,,49906,49473
152,Leipzig I,138427,129834,2028,0.015,1719,0.013,1633,0.012,1523,0.012,136399,128115,136794,128311,54566,50481,29511,25286,2307,11781,4028,16478,31923,29122,7683,9466,,,54566,50481
153,Leipzig II,153935,144581,2075,0.013,1904,0.013,1748,0.011,1786,0.012,151860,142677,152187,142795,52077,49553,35515,28778,2237,10505,4583,16983,37750,34302,13732,17075,,,52077,49553
154,Leipzig-Land,151537,148389,2797,0.018,2283,0.015,2332,0.015,2081,0.014,148740,146106,149205,146308,76273,68348,23542,22681,2890,14799,4292,19240,31865,29716,4905,4899,,,76273,68348
155,Meißen,145679,140109,2706,0.019,2289,0.016,2490,0.017,2288,0.016,142973,137820,143189,137821,76666,64622,18090,18024,3461,12403,5253,20052,25279,26735,4817,5721,,,76666,64622
156,Bautzen I,155255,154966,3252,0.021,2907,0.019,3242,0.021,2573,0.017,152003,152059,152013,152393,74794,69335,17268,18502,3948,17755,4723,20969,32452,30290,3709,4249,,,74794,69335
157,Grlitz,152944,149737,3261,0.021,2750,0.018,2983,0.020,2590,0.017,149683,146987,149961,147147,74204,66106,22741,18839,2442,13935,4185,19223,29550,29380,5045,5044,,,74204,66106
158,Schsische Schweiz - Osterzgebirge,147427,141214,2656,0.018,2454,0.017,2452,0.017,2254,0.016,144771,138760,144975,138960,72644,66673,15442,15865,2628,15292,4655,19910,27571,24848,4244,5158,,,72644,66673
159,Dresden I,173167,157220,2802,0.016,2007,0.013,2031,0.012,1773,0.011,170365,155213,171136,155447,72537,68192,25321,26440,3305,14818,5243,20574,42599,32505,10429,13517,,,72537,68192
160,Dresden II - Bautzen II,173489,154609,3091,0.018,2328,0.015,2296,0.013,2012,0.013,170398,152281,171193,152597,71227,66092,25150,23943,3471,18204,5405,21783,32588,31059,16650,16304,,,71227,66092
161,Mittelsachsen,145578,143690,2592,0.018,2294,0.016,2204,0.015,2123,0.015,142986,141396,143374,141567,74209,64971,22079,19070,3203,14032,4933,19726,29079,29525,4583,4703,,,74209,64971
162,Chemnitz,135876,136100,1701,0.013,1716,0.013,1348,0.010,1603,0.012,134175,134384,134528,134497,55909,52380,28101,23558,2724,12106,3865,17147,31992,31014,6475,7168,,,55909,52380
163,Chemnitzer Umland - Erzgebirgskreis II,134560,133277,3115,0.023,2151,0.016,2125,0.016,1955,0.015,131445,131126,132435,131322,65157,59939,20517,19178,3006,14092,3594,16968,28783,26434,4874,4282,,,65157,59939
164,Erzgebirgskreis I,161718,159655,3800,0.023,2884,0.018,2968,0.018,2857,0.018,157918,156771,158750,156798,79318,73098,19143,20114,10246,23820,5828,22051,32472,30741,5051,3964,,,79318,73098
165,Zwickau,148305,145614,2723,0.018,2383,0.016,2251,0.015,2228,0.015,145582,143231,146054,143386,64857,64872,23033,21686,3996,13097,3924,17402,35847,31061,4334,4653,,,64857,64872
166,Vogtlandkreis,138790,137330,2656,0.019,2421,0.018,2095,0.015,2276,0.017,136134,134909,136695,135054,65743,60466,28172,21885,3533,12755,3836,16882,26707,27617,3540,4569,,,65743,60466
,,,,,,,,,,,,,,,,,,,,,,,,,,,,,,0,0
66,Altmark,107895,112980,1857,0.017,2552,0.023,1678,0.016,2742,0.024,106038,110428,106217,110238,44686,44655,18616,20196,1489,6558,2278,9725,32164,26180,2998,3542,,,44686,44655
67,Brde - Jerichower Land,141814,146265,2976,0.021,3411,0.023,2488,0.018,3224,0.022,138838,142854,139326,143041,61890,60207,32118,27279,3686,13914,3995,15368,29759,30235,3611,4281,,,61890,60207
68,Harz,132539,144565,2595,0.020,3140,0.022,2340,0.018,2705,0.019,129944,141425,130199,141860,59779,56619,24875,24407,1852,10250,2961,13296,29860,29875,4928,4716,,,59779,56619
69,Magdeburg,154404,150236,2836,0.018,2871,0.019,2378,0.015,2531,0.017,151568,147365,152026,147705,55046,56982,38153,31763,2090,9686,3687,13503,38231,36473,6073,8490,,,55046,56982
70,Dessau - Wittenberg,120805,122932,1836,0.015,2348,0.019,1758,0.015,2120,0.017,118969,120584,119047,120812,53048,50633,20545,20354,1489,8810,2892,12614,26015,27136,5196,4703,,,53048,50633
71,Anhalt,140667,145615,2714,0.019,3498,0.024,2498,0.018,3330,0.023,137953,142117,138169,142285,56514,57357,21244,23224,2778,11119,3556,15040,39715,35425,2884,3572,,,56514,57357
72,Halle,143332,139785,2185,0.015,2462,0.018,2042,0.014,2185,0.016,141147,137323,141290,137600,51206,53265,32957,25259,2958,11760,4418,15974,36006,34449,5286,10185,,,51206,53265
73,Burgenland - Saalekreis,123809,127503,2170,0.018,2535,0.020,1962,0.016,2474,0.019,121639,124968,121847,125029,54544,52194,18791,19850,1879,11224,3374,14153,31300,28933,4760,3732,,,54544,52194
74,Mansfeld,132983,136840,2572,0.019,3127,0.023,2289,0.017,2738,0.020,130411,133713,130694,134102,54705,53869,23560,22399,2458,10818,3837,14574,35982,33613,3193,3637,,,54705,53869
,,,,,,,,,,,,,,,,,,,,,,,,,,,,,,0,0
189,Eichsfeld - Nordhausen - Unstrut-Hainich-Kreis I,134013,136404,2008,0.015,1658,0.012,1858,0.014,1545,0.011,132005,134746,132155,134859,65784,59234,21826,20182,1825,9942,3661,14382,26091,26322,4129,5293,,,65784,59234
190,Eisenach - Wartburgkreis - Unstrut-Hainich-Kreis II,129904,131047,2312,0.018,1984,0.015,1989,0.015,1912,0.015,127592,129063,127915,129135,55220,51442,23564,21731,1927,8211,3123,11921,30220,28787,4129,5121,,,55220,51442
191,Kyffhuserkreis - Smmerda - Weimarer Land I,127906,128032,2487,0.019,1860,0.015,2283,0.018,1843,0.014,125419,126172,125623,126189,54350,49099,21469,19365,2253,9808,3672,12671,33239,30821,3948,4734,,,54350,49099
192,Gotha - Ilm-Kreis,141461,139919,2388,0.017,2112,0.015,2369,0.017,1971,0.014,139073,137807,139092,137948,51861,53196,34726,23815,1879,10056,3280,12393,28015,30758,4117,6414,,,51861,53196
193,Erfurt - Weimar - Weimarer Land II,156367,151129,2689,0.017,1962,0.013,2261,0.014,1637,0.011,153678,149167,154106,149492,56992,53123,36694,27159,1781,8889,4015,13419,35917,35421,9151,13125,,,56992,53123
194,Gera - Jena - Saale-Holzland-Kreis,168091,164803,2570,0.015,2274,0.014,2512,0.015,1893,0.011,165521,162529,165579,162910,59731,57690,30310,26279,2755,15695,4653,16832,44657,42367,7863,11435,,,59731,57690
195,Greiz - Altenburger Land,115990,116989,2289,0.020,1952,0.017,2117,0.018,1743,0.015,113701,115037,113873,115246,51013,47580,15873,16213,1791,9237,3032,12557,27627,26173,3211,3842,,,51013,47580
196,Sonneberg - Saalfeld-Rudolstadt - Saale-Orla-Kreis,147040,148939,3177,0.022,2261,0.015,2384,0.016,1845,0.012,143863,146678,144656,147094,59153,54859,28521,23002,3279,12534,3552,14342,37908,35819,5674,5442,,,59153,54859
197,Suhl - Schmalkalden-Meiningen - Hildburghausen,130631,130502,2099,0.016,1857,0.014,1937,0.015,1606,0.012,128532,128645,128694,128896,53979,51060,23519,20968,1792,10313,3113,12118,35147,32147,3704,5105,,,53979,51060